rigidity_min GV,rigidity_max GV,Ca_flux m^-2sr^-1s^-1GV^-1,Ca_flux_error_statistical m^-2sr^-1s^-1GV^-1,Ca_flux_error_acceptance m^-2sr^-1s^-1GV^-1,Ca_flux_error_unfolding m^-2sr^-1s^-1GV^-1,Ca_flux_error_rigidity_scale m^-2sr^-1s^-1GV^-1,Ca_flux_error_systematic_total m^-2sr^-1s^-1GV^-1
2.15e+00,2.40e+00,2.370e-02,6.17e-04,1.34e-03,4.29e-03,1.15e-04,4.50e-03
2.40e+00,2.67e+00,2.357e-02,3.06e-04,1.27e-03,2.31e-03,7.17e-05,2.63e-03
2.67e+00,2.97e+00,2.341e-02,2.68e-04,1.21e-03,1.13e-03,3.88e-05,1.66e-03
2.97e+00,3.29e+00,2.262e-02,2.36e-04,1.14e-03,4.94e-04,1.61e-05,1.25e-03
3.29e+00,3.64e+00,2.039e-02,2.03e-04,1.01e-03,2.23e-04,4.92e-06,1.04e-03
3.64e+00,4.02e+00,1.832e-02,1.76e-04,8.97e-04,1.56e-04,1.02e-05,9.10e-04
4.02e+00,4.43e+00,1.536e-02,1.44e-04,7.45e-04,1.33e-04,1.46e-05,7.57e-04
4.43e+00,4.88e+00,1.311e-02,1.15e-04,6.32e-04,1.14e-04,1.70e-05,6.42e-04
4.88e+00,5.37e+00,1.083e-02,9.34e-05,5.20e-04,9.36e-05,1.74e-05,5.28e-04
5.37e+00,5.90e+00,8.907e-03,7.70e-05,4.27e-04,7.52e-05,1.66e-05,4.33e-04
5.90e+00,6.47e+00,7.483e-03,6.39e-05,3.58e-04,6.09e-05,1.55e-05,3.64e-04
6.47e+00,7.09e+00,6.067e-03,5.17e-05,2.90e-04,4.71e-05,1.37e-05,2.95e-04
7.09e+00,7.76e+00,5.075e-03,4.28e-05,2.43e-04,3.73e-05,1.23e-05,2.46e-04
7.76e+00,8.48e+00,4.221e-03,3.58e-05,2.03e-04,2.91e-05,1.08e-05,2.05e-04
8.48e+00,9.26e+00,3.465e-03,3.03e-05,1.66e-04,2.22e-05,9.31e-06,1.68e-04
9.26e+00,1.01e+01,2.824e-03,2.58e-05,1.36e-04,1.68e-05,7.92e-06,1.37e-04
1.01e+01,1.10e+01,2.299e-03,2.22e-05,1.11e-04,1.26e-05,6.70e-06,1.12e-04
1.10e+01,1.20e+01,1.908e-03,1.89e-05,9.21e-05,9.61e-06,5.75e-06,9.27e-05
1.20e+01,1.30e+01,1.541e-03,1.67e-05,7.44e-05,7.13e-06,4.79e-06,7.49e-05
1.30e+01,1.41e+01,1.316e-03,1.45e-05,6.36e-05,5.59e-06,4.20e-06,6.40e-05
1.41e+01,1.53e+01,1.062e-03,1.22e-05,5.14e-05,4.12e-06,3.48e-06,5.17e-05
1.53e+01,1.66e+01,8.626e-04,1.03e-05,4.18e-05,3.05e-06,2.90e-06,4.20e-05
1.66e+01,1.80e+01,7.116e-04,8.80e-06,3.45e-05,2.29e-06,2.45e-06,3.46e-05
1.80e+01,1.95e+01,5.808e-04,7.39e-06,2.82e-05,1.69e-06,2.04e-06,2.83e-05
1.95e+01,2.11e+01,4.756e-04,6.20e-06,2.31e-05,1.26e-06,1.70e-06,2.32e-05
2.11e+01,2.28e+01,3.839e-04,5.20e-06,1.86e-05,9.24e-07,1.40e-06,1.87e-05
2.28e+01,2.47e+01,3.164e-04,4.30e-06,1.54e-05,6.92e-07,1.17e-06,1.54e-05
2.47e+01,2.67e+01,2.565e-04,3.66e-06,1.25e-05,5.12e-07,9.63e-07,1.25e-05
2.67e+01,2.88e+01,2.149e-04,3.22e-06,1.04e-05,3.94e-07,8.19e-07,1.05e-05
2.88e+01,3.35e+01,1.578e-04,1.81e-06,7.67e-06,2.60e-07,6.13e-07,7.70e-06
3.35e+01,3.89e+01,1.042e-04,1.37e-06,5.07e-06,1.56e-07,4.16e-07,5.09e-06
3.89e+01,4.51e+01,7.053e-05,1.05e-06,3.44e-06,1.03e-07,2.90e-07,3.45e-06
4.51e+01,5.22e+01,4.644e-05,7.95e-07,2.27e-06,7.18e-08,1.98e-07,2.28e-06
5.22e+01,6.03e+01,3.125e-05,6.14e-07,1.53e-06,5.50e-08,1.39e-07,1.54e-06
6.03e+01,6.97e+01,2.143e-05,4.72e-07,1.05e-06,4.51e-08,1.00e-07,1.06e-06
6.97e+01,8.05e+01,1.339e-05,3.48e-07,6.59e-07,3.46e-08,6.66e-08,6.63e-07
8.05e+01,9.30e+01,9.348e-06,2.72e-07,4.62e-07,3.00e-08,4.99e-08,4.66e-07
9.30e+01,1.08e+02,6.429e-06,2.07e-07,3.19e-07,2.58e-08,3.71e-08,3.23e-07
1.08e+02,1.25e+02,4.456e-06,1.62e-07,2.23e-07,2.22e-08,2.82e-08,2.26e-07
1.25e+02,1.47e+02,2.699e-06,1.11e-07,1.36e-07,1.67e-08,1.88e-08,1.39e-07
1.47e+02,1.75e+02,1.772e-06,8.04e-08,9.05e-08,1.38e-08,1.39e-08,9.26e-08
1.75e+02,2.11e+02,9.719e-07,5.27e-08,5.04e-08,9.51e-09,8.67e-09,5.20e-08
2.11e+02,2.59e+02,6.072e-07,3.59e-08,3.21e-08,7.50e-09,6.24e-09,3.35e-08
2.59e+02,3.30e+02,3.113e-07,2.14e-08,1.69e-08,4.94e-09,3.79e-09,1.80e-08
3.30e+02,4.41e+02,1.509e-07,1.19e-08,8.45e-09,3.17e-09,2.30e-09,9.31e-09
4.41e+02,6.60e+02,5.569e-08,5.06e-09,3.27e-09,1.68e-09,1.17e-09,3.86e-09
6.60e+02,1.20e+03,1.292e-08,1.47e-09,8.24e-10,6.74e-10,4.58e-10,1.16e-09
1.20e+03,3.00e+03,2.941e-09,1.08e-09,2.54e-10,8.20e-11,1.67e-10,3.14e-10
