rigidity_min GV,rigidity_max GV,Cl_flux m^-2sr^-1s^-1GV^-1,Cl_flux_error_statistical m^-2sr^-1s^-1GV^-1,Cl_flux_error_acceptance m^-2sr^-1s^-1GV^-1,Cl_flux_error_unfolding m^-2sr^-1s^-1GV^-1,Cl_flux_error_rigidity_scale m^-2sr^-1s^-1GV^-1,Cl_flux_error_systematic_total m^-2sr^-1s^-1GV^-1
2.15e+00,2.40e+00,8.666e-03,2.20e-04,4.95e-04,1.03e-03,4.21e-05,1.14e-03
2.40e+00,2.67e+00,8.957e-03,1.74e-04,4.83e-04,6.01e-04,2.73e-05,7.72e-04
2.67e+00,2.97e+00,8.817e-03,1.55e-04,4.55e-04,3.15e-04,1.48e-05,5.53e-04
2.97e+00,3.29e+00,8.577e-03,1.36e-04,4.28e-04,1.60e-04,6.16e-06,4.57e-04
3.29e+00,3.64e+00,7.908e-03,1.18e-04,3.86e-04,8.88e-05,1.45e-06,3.96e-04
3.64e+00,4.02e+00,7.070e-03,1.02e-04,3.40e-04,6.46e-05,3.76e-06,3.46e-04
4.02e+00,4.43e+00,6.176e-03,8.55e-05,2.93e-04,5.37e-05,5.82e-06,2.98e-04
4.43e+00,4.88e+00,5.238e-03,6.82e-05,2.47e-04,4.34e-05,6.80e-06,2.51e-04
4.88e+00,5.37e+00,4.439e-03,5.64e-05,2.08e-04,3.47e-05,7.12e-06,2.11e-04
5.37e+00,5.90e+00,3.586e-03,4.63e-05,1.68e-04,2.64e-05,6.67e-06,1.70e-04
5.90e+00,6.47e+00,2.805e-03,3.72e-05,1.31e-04,1.93e-05,5.82e-06,1.33e-04
6.47e+00,7.09e+00,2.393e-03,3.10e-05,1.12e-04,1.53e-05,5.40e-06,1.13e-04
7.09e+00,7.76e+00,1.910e-03,2.51e-05,8.96e-05,1.13e-05,4.62e-06,9.05e-05
7.76e+00,8.48e+00,1.531e-03,2.07e-05,7.20e-05,8.40e-06,3.92e-06,7.26e-05
8.48e+00,9.26e+00,1.272e-03,1.76e-05,5.99e-05,6.43e-06,3.42e-06,6.04e-05
9.26e+00,1.01e+01,1.010e-03,1.48e-05,4.77e-05,4.70e-06,2.84e-06,4.80e-05
1.01e+01,1.10e+01,8.255e-04,1.27e-05,3.91e-05,3.53e-06,2.41e-06,3.93e-05
1.10e+01,1.20e+01,6.783e-04,1.08e-05,3.22e-05,2.67e-06,2.05e-06,3.23e-05
1.20e+01,1.30e+01,5.356e-04,9.41e-06,2.54e-05,1.95e-06,1.67e-06,2.56e-05
1.30e+01,1.41e+01,4.477e-04,8.06e-06,2.13e-05,1.51e-06,1.43e-06,2.14e-05
1.41e+01,1.53e+01,3.489e-04,6.66e-06,1.66e-05,1.09e-06,1.15e-06,1.67e-05
1.53e+01,1.66e+01,2.932e-04,5.72e-06,1.40e-05,8.49e-07,9.88e-07,1.40e-05
1.66e+01,1.80e+01,2.313e-04,4.74e-06,1.10e-05,6.24e-07,7.97e-07,1.11e-05
1.80e+01,1.95e+01,1.865e-04,3.93e-06,8.91e-06,4.70e-07,6.57e-07,8.95e-06
1.95e+01,2.11e+01,1.496e-04,3.25e-06,7.16e-06,3.55e-07,5.37e-07,7.18e-06
2.11e+01,2.28e+01,1.305e-04,2.82e-06,6.25e-06,2.92e-07,4.77e-07,6.27e-06
2.28e+01,2.47e+01,9.836e-05,2.23e-06,4.71e-06,2.09e-07,3.66e-07,4.73e-06
2.47e+01,2.67e+01,8.057e-05,1.90e-06,3.86e-06,1.64e-07,3.05e-07,3.88e-06
2.67e+01,2.88e+01,6.580e-05,1.65e-06,3.15e-06,1.29e-07,2.54e-07,3.17e-06
2.88e+01,3.35e+01,4.656e-05,9.12e-07,2.23e-06,8.73e-08,1.84e-07,2.24e-06
3.35e+01,3.89e+01,3.034e-05,6.84e-07,1.46e-06,5.51e-08,1.24e-07,1.46e-06
3.89e+01,4.51e+01,2.111e-05,5.36e-07,1.02e-06,3.82e-08,8.94e-08,1.02e-06
4.51e+01,5.22e+01,1.349e-05,4.00e-07,6.51e-07,2.50e-08,5.96e-08,6.54e-07
5.22e+01,6.03e+01,9.255e-06,3.07e-07,4.48e-07,1.79e-08,4.29e-08,4.51e-07
6.03e+01,6.97e+01,5.819e-06,2.28e-07,2.83e-07,1.19e-08,2.85e-08,2.85e-07
6.97e+01,8.05e+01,3.788e-06,1.72e-07,1.85e-07,8.35e-09,1.98e-08,1.87e-07
8.05e+01,9.30e+01,2.394e-06,1.28e-07,1.18e-07,5.71e-09,1.34e-08,1.19e-07
9.30e+01,1.08e+02,1.647e-06,9.59e-08,8.20e-08,4.27e-09,9.96e-09,8.27e-08
1.08e+02,1.25e+02,9.844e-07,6.95e-08,4.96e-08,2.81e-09,6.47e-09,5.01e-08
1.25e+02,1.47e+02,6.352e-07,4.86e-08,3.25e-08,2.07e-09,4.59e-09,3.29e-08
1.47e+02,1.75e+02,4.348e-07,3.59e-08,2.27e-08,1.75e-09,3.52e-09,2.31e-08
1.75e+02,2.11e+02,2.104e-07,2.22e-08,1.13e-08,1.13e-09,1.96e-09,1.15e-08
2.11e+02,2.59e+02,1.737e-07,1.75e-08,9.65e-09,1.34e-09,1.91e-09,9.92e-09
2.59e+02,3.30e+02,7.969e-08,9.70e-09,4.63e-09,9.40e-10,1.08e-09,4.84e-09
3.30e+02,4.41e+02,3.098e-08,4.89e-09,1.91e-09,5.99e-10,5.56e-10,2.08e-09
4.41e+02,6.60e+02,1.194e-08,2.16e-09,7.98e-10,4.32e-10,3.11e-10,9.59e-10
6.60e+02,1.20e+03,3.282e-09,6.74e-10,2.50e-10,2.79e-10,1.54e-10,4.05e-10
