rigidity_min GV,rigidity_max GV,K_flux m^-2sr^-1s^-1GV^-1,K_flux_error_statistical m^-2sr^-1s^-1GV^-1,K_flux_error_acceptance m^-2sr^-1s^-1GV^-1,K_flux_error_unfolding m^-2sr^-1s^-1GV^-1,K_flux_error_rigidity_scale m^-2sr^-1s^-1GV^-1,K_flux_error_systematic_total m^-2sr^-1s^-1GV^-1
2.15e+00,2.40e+00,1.213e-02,4.05e-04,7.20e-04,5.64e-03,5.90e-05,5.68e-03
2.40e+00,2.67e+00,1.208e-02,2.15e-04,6.79e-04,2.89e-03,3.67e-05,2.97e-03
2.67e+00,2.97e+00,1.228e-02,1.90e-04,6.63e-04,1.34e-03,2.04e-05,1.49e-03
2.97e+00,3.29e+00,1.177e-02,1.66e-04,6.15e-04,4.70e-04,8.48e-06,7.74e-04
3.29e+00,3.64e+00,1.076e-02,1.42e-04,5.50e-04,1.35e-04,2.77e-06,5.66e-04
3.64e+00,4.02e+00,9.491e-03,1.22e-04,4.77e-04,7.34e-05,5.25e-06,4.83e-04
4.02e+00,4.43e+00,7.779e-03,9.85e-05,3.87e-04,7.39e-05,7.35e-06,3.94e-04
4.43e+00,4.88e+00,6.569e-03,7.82e-05,3.24e-04,7.05e-05,8.52e-06,3.32e-04
4.88e+00,5.37e+00,5.413e-03,6.37e-05,2.66e-04,6.15e-05,8.67e-06,2.73e-04
5.37e+00,5.90e+00,4.419e-03,5.26e-05,2.16e-04,5.06e-05,8.22e-06,2.22e-04
5.90e+00,6.47e+00,3.631e-03,4.35e-05,1.78e-04,4.04e-05,7.53e-06,1.82e-04
6.47e+00,7.09e+00,3.018e-03,3.59e-05,1.48e-04,3.17e-05,6.81e-06,1.51e-04
7.09e+00,7.76e+00,2.469e-03,2.95e-05,1.21e-04,2.38e-05,5.97e-06,1.23e-04
7.76e+00,8.48e+00,2.052e-03,2.48e-05,1.01e-04,1.78e-05,5.25e-06,1.02e-04
8.48e+00,9.26e+00,1.622e-03,2.05e-05,7.98e-05,1.24e-05,4.36e-06,8.08e-05
9.26e+00,1.01e+01,1.331e-03,1.76e-05,6.56e-05,8.78e-06,3.73e-06,6.63e-05
1.01e+01,1.10e+01,1.087e-03,1.51e-05,5.37e-05,6.13e-06,3.17e-06,5.41e-05
1.10e+01,1.20e+01,8.680e-04,1.26e-05,4.30e-05,4.15e-06,2.62e-06,4.32e-05
1.20e+01,1.30e+01,7.054e-04,1.12e-05,3.50e-05,2.84e-06,2.20e-06,3.52e-05
1.30e+01,1.41e+01,5.791e-04,9.48e-06,2.88e-05,1.95e-06,1.86e-06,2.89e-05
1.41e+01,1.53e+01,4.687e-04,7.99e-06,2.33e-05,1.31e-06,1.54e-06,2.34e-05
1.53e+01,1.66e+01,3.746e-04,6.70e-06,1.87e-05,8.57e-07,1.27e-06,1.87e-05
1.66e+01,1.80e+01,2.993e-04,5.61e-06,1.49e-05,5.56e-07,1.04e-06,1.50e-05
1.80e+01,1.95e+01,2.402e-04,4.66e-06,1.20e-05,3.60e-07,8.49e-07,1.20e-05
1.95e+01,2.11e+01,1.938e-04,3.88e-06,9.69e-06,2.35e-07,6.98e-07,9.72e-06
2.11e+01,2.28e+01,1.554e-04,3.24e-06,7.78e-06,1.55e-07,5.70e-07,7.80e-06
2.28e+01,2.47e+01,1.254e-04,2.66e-06,6.28e-06,1.05e-07,4.68e-07,6.30e-06
2.47e+01,2.67e+01,9.892e-05,2.23e-06,4.96e-06,7.32e-08,3.76e-07,4.98e-06
2.67e+01,2.88e+01,8.027e-05,1.93e-06,4.03e-06,5.63e-08,3.10e-07,4.04e-06
2.88e+01,3.35e+01,5.989e-05,1.09e-06,3.01e-06,4.50e-08,2.37e-07,3.02e-06
3.35e+01,3.89e+01,3.823e-05,8.17e-07,1.93e-06,3.76e-08,1.56e-07,1.94e-06
3.89e+01,4.51e+01,2.435e-05,6.06e-07,1.23e-06,3.41e-08,1.03e-07,1.24e-06
4.51e+01,5.22e+01,1.603e-05,4.63e-07,8.14e-07,3.18e-08,7.12e-08,8.18e-07
5.22e+01,6.03e+01,1.071e-05,3.53e-07,5.46e-07,2.92e-08,5.04e-08,5.49e-07
6.03e+01,6.97e+01,6.610e-06,2.59e-07,3.38e-07,2.38e-08,3.33e-08,3.41e-07
6.97e+01,8.05e+01,4.628e-06,2.02e-07,2.38e-07,2.14e-08,2.53e-08,2.40e-07
8.05e+01,9.30e+01,2.958e-06,1.51e-07,1.53e-07,1.71e-08,1.78e-08,1.55e-07
9.30e+01,1.08e+02,1.776e-06,1.07e-07,9.27e-08,1.25e-08,1.18e-08,9.43e-08
1.08e+02,1.25e+02,1.135e-06,8.04e-08,5.99e-08,9.63e-09,8.37e-09,6.13e-08
1.25e+02,1.47e+02,8.002e-07,5.86e-08,4.28e-08,8.13e-09,6.58e-09,4.41e-08
1.47e+02,1.75e+02,4.644e-07,4.01e-08,2.54e-08,5.72e-09,4.32e-09,2.64e-08
1.75e+02,2.11e+02,2.621e-07,2.65e-08,1.47e-08,3.97e-09,2.79e-09,1.55e-08
2.11e+02,2.59e+02,1.718e-07,1.88e-08,1.01e-08,3.24e-09,2.13e-09,1.08e-08
2.59e+02,3.30e+02,6.768e-08,9.77e-09,4.22e-09,1.64e-09,1.01e-09,4.64e-09
3.30e+02,4.41e+02,2.836e-08,5.02e-09,1.95e-09,9.22e-10,5.34e-10,2.22e-09
4.41e+02,6.60e+02,1.536e-08,2.33e-09,1.24e-09,7.22e-10,3.97e-10,1.49e-09
6.60e+02,1.20e+03,2.837e-09,6.97e-10,3.02e-10,2.25e-10,1.17e-10,3.95e-10
