rigidity_min GV,rigidity_max GV,P_flux m^-2sr^-1s^-1GV^-1,P_flux_error_statistical m^-2sr^-1s^-1GV^-1,P_flux_error_acceptance m^-2sr^-1s^-1GV^-1,P_flux_error_unfolding m^-2sr^-1s^-1GV^-1,P_flux_error_rigidity_scale m^-2sr^-1s^-1GV^-1,P_flux_error_systematic_total m^-2sr^-1s^-1GV^-1
2.15e+00,2.40e+00,7.613e-03,1.74e-04,4.05e-04,8.95e-04,3.71e-05,9.83e-04
2.40e+00,2.67e+00,8.292e-03,1.57e-04,4.21e-04,5.22e-04,2.54e-05,6.71e-04
2.67e+00,2.97e+00,8.682e-03,1.44e-04,4.26e-04,2.71e-04,1.46e-05,5.05e-04
2.97e+00,3.29e+00,8.859e-03,1.30e-04,4.24e-04,1.30e-04,6.37e-06,4.44e-04
3.29e+00,3.64e+00,8.219e-03,1.13e-04,3.87e-04,6.73e-05,1.31e-06,3.93e-04
3.64e+00,4.02e+00,7.115e-03,9.57e-05,3.31e-04,5.11e-05,3.72e-06,3.35e-04
4.02e+00,4.43e+00,6.156e-03,7.99e-05,2.84e-04,4.73e-05,5.77e-06,2.88e-04
4.43e+00,4.88e+00,5.021e-03,6.25e-05,2.30e-04,3.99e-05,6.51e-06,2.34e-04
4.88e+00,5.37e+00,4.174e-03,5.12e-05,1.91e-04,3.31e-05,6.69e-06,1.94e-04
5.37e+00,5.90e+00,3.352e-03,4.19e-05,1.53e-04,2.59e-05,6.23e-06,1.55e-04
5.90e+00,6.47e+00,2.637e-03,3.38e-05,1.20e-04,1.95e-05,5.47e-06,1.22e-04
6.47e+00,7.09e+00,2.198e-03,2.79e-05,9.99e-05,1.52e-05,4.96e-06,1.01e-04
7.09e+00,7.76e+00,1.777e-03,2.27e-05,8.08e-05,1.13e-05,4.30e-06,8.17e-05
7.76e+00,8.48e+00,1.477e-03,1.91e-05,6.72e-05,8.53e-06,3.78e-06,6.79e-05
8.48e+00,9.26e+00,1.164e-03,1.58e-05,5.30e-05,6.03e-06,3.13e-06,5.34e-05
9.26e+00,1.01e+01,9.407e-04,1.34e-05,4.29e-05,4.34e-06,2.64e-06,4.32e-05
1.01e+01,1.10e+01,7.579e-04,1.14e-05,3.46e-05,3.11e-06,2.21e-06,3.48e-05
1.10e+01,1.20e+01,6.079e-04,9.53e-06,2.78e-05,2.22e-06,1.84e-06,2.79e-05
1.20e+01,1.30e+01,5.085e-04,8.56e-06,2.32e-05,1.65e-06,1.59e-06,2.34e-05
1.30e+01,1.41e+01,4.006e-04,7.12e-06,1.83e-05,1.17e-06,1.28e-06,1.84e-05
1.41e+01,1.53e+01,3.289e-04,6.04e-06,1.51e-05,8.66e-07,1.08e-06,1.51e-05
1.53e+01,1.66e+01,2.669e-04,5.09e-06,1.22e-05,6.37e-07,9.01e-07,1.23e-05
1.66e+01,1.80e+01,2.158e-04,4.27e-06,9.92e-06,4.71e-07,7.46e-07,9.95e-06
1.80e+01,1.95e+01,1.688e-04,3.49e-06,7.77e-06,3.40e-07,5.96e-07,7.80e-06
1.95e+01,2.11e+01,1.353e-04,2.88e-06,6.23e-06,2.55e-07,4.87e-07,6.26e-06
2.11e+01,2.28e+01,1.094e-04,2.41e-06,5.04e-06,1.95e-07,4.01e-07,5.06e-06
2.28e+01,2.47e+01,8.903e-05,1.97e-06,4.11e-06,1.53e-07,3.33e-07,4.13e-06
2.47e+01,2.67e+01,7.034e-05,1.65e-06,3.25e-06,1.18e-07,2.68e-07,3.27e-06
2.67e+01,2.88e+01,5.573e-05,1.41e-06,2.58e-06,9.28e-08,2.16e-07,2.59e-06
2.88e+01,3.35e+01,4.012e-05,7.84e-07,1.86e-06,6.78e-08,1.60e-07,1.87e-06
3.35e+01,3.89e+01,2.752e-05,6.05e-07,1.28e-06,4.92e-08,1.13e-07,1.29e-06
3.89e+01,4.51e+01,1.730e-05,4.47e-07,8.09e-07,3.37e-08,7.42e-08,8.13e-07
4.51e+01,5.22e+01,1.193e-05,3.48e-07,5.60e-07,2.58e-08,5.34e-08,5.64e-07
5.22e+01,6.03e+01,7.250e-06,2.52e-07,3.42e-07,1.75e-08,3.41e-08,3.44e-07
6.03e+01,6.97e+01,4.853e-06,1.93e-07,2.30e-07,1.30e-08,2.42e-08,2.31e-07
6.97e+01,8.05e+01,3.208e-06,1.46e-07,1.52e-07,9.51e-09,1.71e-08,1.54e-07
8.05e+01,9.30e+01,2.130e-06,1.10e-07,1.02e-07,6.93e-09,1.22e-08,1.03e-07
9.30e+01,1.08e+02,1.332e-06,7.96e-08,6.39e-08,4.71e-09,8.21e-09,6.46e-08
1.08e+02,1.25e+02,8.262e-07,5.90e-08,3.98e-08,3.16e-09,5.52e-09,4.03e-08
1.25e+02,1.47e+02,5.570e-07,4.29e-08,2.71e-08,2.35e-09,4.07e-09,2.75e-08
1.47e+02,1.75e+02,3.035e-07,2.81e-08,1.49e-08,1.49e-09,2.47e-09,1.52e-08
1.75e+02,2.11e+02,1.878e-07,1.95e-08,9.38e-09,1.16e-09,1.74e-09,9.61e-09
2.11e+02,2.59e+02,1.115e-07,1.28e-08,5.71e-09,9.23e-10,1.21e-09,5.91e-09
2.59e+02,3.30e+02,4.744e-08,6.83e-09,2.53e-09,5.71e-10,6.27e-10,2.67e-09
3.30e+02,4.41e+02,2.575e-08,3.94e-09,1.47e-09,4.90e-10,4.40e-10,1.61e-09
4.41e+02,6.60e+02,7.938e-09,1.62e-09,5.17e-10,2.72e-10,1.93e-10,6.15e-10
6.60e+02,1.20e+03,2.387e-09,5.34e-10,2.01e-10,1.85e-10,1.03e-10,2.92e-10
