rigidity_min GV,rigidity_max GV,S_flux m^-2sr^-1s^-1GV^-1,S_flux_error_statistical m^-2sr^-1s^-1GV^-1,S_flux_error_acceptance m^-2sr^-1s^-1GV^-1,S_flux_error_unfolding m^-2sr^-1s^-1GV^-1,S_flux_error_rigidity_scale m^-2sr^-1s^-1GV^-1,S_flux_error_systematic_total m^-2sr^-1s^-1GV^-1
2.15e+00,2.40e+00,3.518e-02,3.87e-04,1.72e-03,5.05e-03,1.72e-04,5.33e-03
2.40e+00,2.67e+00,3.542e-02,3.32e-04,1.66e-03,3.03e-03,1.09e-04,3.46e-03
2.67e+00,2.97e+00,3.441e-02,2.93e-04,1.56e-03,1.59e-03,5.83e-05,2.23e-03
2.97e+00,3.29e+00,3.268e-02,2.56e-04,1.45e-03,7.86e-04,2.37e-05,1.65e-03
3.29e+00,3.64e+00,2.978e-02,2.20e-04,1.30e-03,4.10e-04,4.68e-06,1.36e-03
3.64e+00,4.02e+00,2.622e-02,1.89e-04,1.13e-03,2.64e-04,1.38e-05,1.16e-03
4.02e+00,4.43e+00,2.242e-02,1.57e-04,9.57e-04,1.94e-04,2.11e-05,9.76e-04
4.43e+00,4.88e+00,1.930e-02,1.26e-04,8.19e-04,1.46e-04,2.51e-05,8.32e-04
4.88e+00,5.37e+00,1.624e-02,1.04e-04,6.87e-04,1.08e-04,2.61e-05,6.96e-04
5.37e+00,5.90e+00,1.357e-02,8.64e-05,5.73e-04,8.05e-05,2.53e-05,5.79e-04
5.90e+00,6.47e+00,1.151e-02,7.24e-05,4.86e-04,6.18e-05,2.39e-05,4.90e-04
6.47e+00,7.09e+00,9.529e-03,5.94e-05,4.02e-04,4.70e-05,2.15e-05,4.05e-04
7.09e+00,7.76e+00,7.914e-03,4.90e-05,3.34e-04,3.64e-05,1.91e-05,3.37e-04
7.76e+00,8.48e+00,6.541e-03,4.10e-05,2.76e-04,2.85e-05,1.67e-05,2.78e-04
8.48e+00,9.26e+00,5.403e-03,3.47e-05,2.28e-04,2.25e-05,1.45e-05,2.30e-04
9.26e+00,1.01e+01,4.490e-03,2.99e-05,1.90e-04,1.80e-05,1.26e-05,1.91e-04
1.01e+01,1.10e+01,3.766e-03,2.60e-05,1.59e-04,1.46e-05,1.10e-05,1.60e-04
1.10e+01,1.20e+01,3.021e-03,2.18e-05,1.28e-04,1.13e-05,9.11e-06,1.29e-04
1.20e+01,1.30e+01,2.478e-03,1.94e-05,1.05e-04,9.02e-06,7.70e-06,1.05e-04
1.30e+01,1.41e+01,2.039e-03,1.64e-05,8.63e-05,7.24e-06,6.51e-06,8.68e-05
1.41e+01,1.53e+01,1.686e-03,1.40e-05,7.13e-05,5.85e-06,5.52e-06,7.18e-05
1.53e+01,1.66e+01,1.378e-03,1.18e-05,5.83e-05,4.68e-06,4.62e-06,5.87e-05
1.66e+01,1.80e+01,1.118e-03,9.97e-06,4.73e-05,3.73e-06,3.84e-06,4.76e-05
1.80e+01,1.95e+01,9.256e-04,8.39e-06,3.92e-05,3.03e-06,3.24e-06,3.94e-05
1.95e+01,2.11e+01,7.590e-04,7.02e-06,3.21e-05,2.45e-06,2.71e-06,3.23e-05
2.11e+01,2.28e+01,6.229e-04,5.91e-06,2.64e-05,1.99e-06,2.26e-06,2.65e-05
2.28e+01,2.47e+01,4.969e-04,4.80e-06,2.10e-05,1.57e-06,1.83e-06,2.12e-05
2.47e+01,2.67e+01,4.194e-04,4.17e-06,1.78e-05,1.32e-06,1.57e-06,1.79e-05
2.67e+01,2.88e+01,3.462e-04,3.63e-06,1.47e-05,1.08e-06,1.32e-06,1.48e-05
2.88e+01,3.35e+01,2.557e-04,2.05e-06,1.08e-05,7.98e-07,9.91e-07,1.09e-05
3.35e+01,3.89e+01,1.739e-04,1.57e-06,7.39e-06,5.44e-07,6.92e-07,7.45e-06
3.89e+01,4.51e+01,1.192e-04,1.21e-06,5.08e-06,3.76e-07,4.87e-07,5.12e-06
4.51e+01,5.22e+01,7.835e-05,9.22e-07,3.35e-06,2.51e-07,3.30e-07,3.38e-06
5.22e+01,6.03e+01,5.441e-05,7.19e-07,2.33e-06,1.77e-07,2.38e-07,2.35e-06
6.03e+01,6.97e+01,3.616e-05,5.43e-07,1.56e-06,1.20e-07,1.65e-07,1.57e-06
6.97e+01,8.05e+01,2.423e-05,4.16e-07,1.05e-06,8.28e-08,1.17e-07,1.06e-06
8.05e+01,9.30e+01,1.675e-05,3.22e-07,7.28e-07,5.89e-08,8.57e-08,7.35e-07
9.30e+01,1.08e+02,1.146e-05,2.44e-07,5.00e-07,4.15e-08,6.25e-08,5.05e-07
1.08e+02,1.25e+02,7.286e-06,1.82e-07,3.19e-07,2.73e-08,4.26e-08,3.23e-07
1.25e+02,1.47e+02,4.910e-06,1.32e-07,2.16e-07,1.93e-08,3.10e-08,2.19e-07
1.47e+02,1.75e+02,3.133e-06,9.31e-08,1.39e-07,1.33e-08,2.18e-08,1.41e-07
1.75e+02,2.11e+02,1.847e-06,6.31e-08,8.26e-08,8.89e-09,1.44e-08,8.43e-08
2.11e+02,2.59e+02,1.099e-06,4.22e-08,4.96e-08,6.33e-09,9.90e-09,5.10e-08
2.59e+02,3.30e+02,5.736e-07,2.50e-08,2.62e-08,4.25e-09,6.18e-09,2.73e-08
3.30e+02,4.41e+02,2.742e-07,1.38e-08,1.27e-08,2.87e-09,3.72e-09,1.36e-08
4.41e+02,6.60e+02,1.107e-07,6.09e-09,5.26e-09,1.92e-09,2.09e-09,5.97e-09
6.60e+02,1.20e+03,2.821e-08,1.88e-09,1.40e-09,1.07e-09,9.50e-10,2.00e-09
1.20e+03,3.00e+03,5.682e-09,1.29e-09,3.53e-10,1.58e-10,3.22e-10,5.03e-10
